X,Y
0,86.5000
1,84.8846
2,84.6026
3,84.8333
4,84.9359
5,84.7821
6,84.3846
7,83.1154
8,81.6538
9,80.2692
10,78.7436
11,76.3205
12,74.6923
13,73.4231
14,73.9231
15,71.4231
16,70.7949
17,69.8333
18,67.4103
19,66.8333
20,67.6923
21,67.6538
22,66.4231
23,65.0769
24,63.8462
25,63.5769
26,63.6538
27,62.7692
28,61.5385
29,60.6154
30,59.8077
31,59.8462
32,58.8077
33,57.4615
34,56.5769
35,56.5000
36,56.8077
37,56.5000
38,54.7564
39,54.5256
40,53.3718
41,52.1026
42,52.1410
43,52.2179
44,50.9487
45,48.9872
46,48.4872
47,48.4103
48,48.3333
49,48.6795
50,49.0256
51,48.8333
52,47.9872
53,47.3333
54,47.2436
55,47.2051
56,46.9359
57,46.7821
58,47.1667
59,47.3205
60,45.6282
61,43.6667
62,44.0513
63,44.2436
64,45.0128
65,45.2821
66,44.7436
67,43.7436
68,43.6282
69,44.0513
70,42.2949
71,42.6410
72,42.9872
73,42.9872
74,42.5256
75,42.1410
76,42.0641
77,42.1026
78,41.8333
79,41.6795
80,41.7179
81,41.7564
82,41.6795
83,41.8333
84,41.7949
85,41.7179
86,40.2564
87,40.4872
88,40.9103
89,40.5641
90,39.8333
91,39.1410
92,39.2179
93,39.3333
94,38.8333
95,38.9872
96,39.1026
97,38.6795
98,38.5256
99,38.8333
100,39.9487
101,40.9872
102,39.2179
103,39.2179
104,38.5641
105,37.7949
106,37.5256
107,37.5256
108,37.4487
109,36.9487
110,37.2949
111,38.4103
112,39.0256
113,38.4487
114,37.4487
115,37.1026
116,37.2949
117,37.5256
118,37.6410
119,37.2949
120,37.1410
121,37.2564
122,37.7564
123,38.1795
124,38.2179
125,38.2179
126,39.4103
127,37.7949
128,36.6026
129,36.4872
130,36.9487
131,37.1795
132,37.7949
133,38.3718
134,37.7179
135,37.1026
136,36.6795
137,36.9872
138,37.0641
139,36.8333
140,36.9487
141,37.0256
142,37.4487
143,37.1026
144,36.9103
145,36.8333
146,36.7564
147,36.9487
148,36.6026
149,36.4103
150,36.7949
151,36.4487
152,36.9872
153,37.9872
154,37.6795
155,36.3333
156,35.7949
157,36.2564
158,38.2564
159,37.5256
160,35.9487
161,34.9872
162,34.7564
163,34.7949
164,35.0256
165,35.2949
166,35.8590
167,35.5897
168,35.5513
169,35.6667
170,36.6282
171,37.1282
172,36.7051
173,35.7436
174,36.2821
175,34.8974
176,34.4744
177,36.0128
178,37.2051
179,36.7821
180,36.0897
181,36.0128
182,36.5000
183,35.8077
184,35.7692
185,36.5385
186,38.0128
187,38.4359
188,37.7821
189,37.0897
190,35.7179
191,36.4872
192,37.5256
193,38.3718
194,38.2692
195,37.4231
196,38.2692
197,40.0000
198,40.6795
199,40.6410
200,40.5256
201,40.8333
202,41.1026
203,40.7564
204,40.0641
205,39.4487
206,38.5385
207,37.7308
208,37.7308
209,38.9231
210,39.7308
211,39.4231
212,39.7308
213,40.6154
214,39.5385
215,39.7308
216,39.8846
217,39.4231
218,38.8974
219,39.0513
220,40.1667
221,41.0513
222,40.8077
223,40.3462
224,40.2692
225,40.4231
226,40.6282
227,41.1282
228,41.7436
229,42.2051
230,43.1154
231,44.4103
232,45.8333
233,46.4103
234,46.1923
235,45.7308
236,45.4231
237,45.1410
238,46.1282
239,45.1410
240,44.6154
241,45.5385
242,46.2051
243,46.8205
244,48.0128
245,49.0513
246,48.5256
247,48.1410
248,48.0256
249,48.2949
250,48.7821
251,49.7051
252,49.5385
253,49.6538
254,51.0000
255,52.0000
256,49.6923
257,47.9615
258,48.7692
259,50.5000
260,50.8974
261,51.4359
262,54.8846
263,55.7051
264,56.6154
265,56.3590
266,55.6667
267,54.8077
268,53.6410
269,52.9487
270,53.4359
271,53.8718
272,55.7179
273,55.4744
274,56.9231
275,57.0769
276,59.0000
277,59.3462
278,59.0769
279,58.2308
280,58.9359
281,59.2436
282,56.4487
283,57.4231
284,61.8590
285,62.1667
286,61.5256
287,61.7179
288,61.2051
289,61.3333
290,63.0000
291,63.9872
292,64.1923
293,64.3590
294,65.5897
295,67.3205
296,64.9872
297,61.1410
298,59.9744
299,60.7949
300,62.2564
301,64.1026
302,0.0769
303,0.0000
304,0.0385
305,0.0000
306,0.0769
307,71.6154
308,70.6795
309,71.6154
310,73.9744
311,74.1923
312,80.1410
313,82.5513
314,77.3205
315,75.5128
316,71.3974
317,66.9615
318,68.3590
319,68.8077
320,68.0128
321,69.0897
322,0.0385
323,0.0385
324,0.0000
325,0.0641
326,0.1538
327,0.1410
328,0.0769
329,0.0000
330,0.1667
331,54.0513
332,82.3205
333,82.9359
334,80.5897
335,79.3590
336,79.5897
337,77.8590
338,74.2821
339,72.9744
340,72.5128
341,75.0897
342,76.5513
343,77.1282
344,74.5513
345,71.9744
346,72.5897
347,74.0641
348,74.0513
349,74.2692
350,75.3846
351,76.8846
352,78.8462
353,79.3077
354,77.4231
355,74.8462
356,75.0769
357,75.6923
358,79.3333
359,80.8077
360,75.5000
361,77.6795
362,79.5000
363,81.1538
364,81.6154
365,82.3846
366,78.6154
367,78.1154
368,81.4231
369,85.1923
370,82.3077
371,76.5385
372,76.3077
373,79.8846
374,79.1154
375,75.4615
376,76.1538
377,78.2692
378,76.6923
379,76.1538
380,77.3846
381,76.5769
382,75.7308
383,77.5769
384,81.4231
385,82.8846
386,79.6923
387,76.0385
388,75.0769
389,75.3846
390,74.8205
391,77.7436
392,79.1667
393,79.1667
394,81.0513
395,81.1667
396,78.0897
397,75.3590
398,77.6667
399,78.5128
400,77.4744
401,77.2436
402,78.6667
403,78.8590
404,78.5513
405,79.2821
406,80.6923
407,79.6154
408,78.1923
409,78.8846
410,80.0000
411,77.8846
412,76.1154
413,77.5385
414,79.2692
415,82.1923
416,81.6538
417,79.0000
418,77.5769
419,75.4231
420,74.8846
421,77.3462
422,78.3077
423,79.0385
424,78.1923
425,81.2692
426,87.3077
427,86.0769
428,81.0769
429,79.8846
430,77.6410
431,77.1410
432,79.0641
433,78.9487
434,76.9103
435,79.5641
436,84.6026
437,87.1026
438,83.2949
439,80.7564
440,77.4103
441,79.9487
442,82.3718
443,82.4487
444,83.7179
445,81.8718
446,82.1026
447,82.7179
448,82.1795
449,80.2564
450,78.8718
451,79.6795
452,81.3718
453,82.7179
454,84.4872
455,85.7949
456,83.7949
457,83.1026
458,80.8333
459,78.9487
460,82.2308
461,83.2692
462,82.9231
463,79.7308
464,75.5385
465,78.6538
466,83.9231
467,84.1923
468,84.2179
469,87.1795
470,83.2692
471,80.9231
472,80.3077
473,82.1154
474,84.1538
475,85.6923
476,84.4615
477,80.9615
478,82.1154
479,84.3846
480,82.5000
481,80.3846
482,82.4231
483,83.3846
484,82.3462
485,82.4231
486,82.6795
487,85.7949
488,87.9103
489,88.7949
490,86.8718
491,83.6026
492,81.7949
493,80.1026
494,81.4872
495,79.7949
496,81.6410
497,82.4487
498,84.7179
499,82.8718
500,83.2949
501,82.4487
502,80.5641
503,81.2179
504,80.8333
505,82.5641
506,82.7179
507,79.9103
508,80.0128
509,81.2051
510,82.7051
511,81.2436
512,81.5897
513,79.1667
514,77.3590
515,77.7821
516,78.2436
517,80.9744
518,82.1538
519,82.8846
520,85.2051
521,83.2821
522,82.2821
523,84.3974
524,83.9744
525,83.2821
526,82.9359
527,85.3205
528,83.5000
529,82.0769
530,84.1538
531,85.0385
532,85.9231
533,89.0000
534,87.5769
535,87.1923
536,88.3462
537,88.0385
538,85.3462
539,84.9615
540,84.0385
541,80.0000
542,82.1667
543,84.5256
544,87.3846
545,83.7436
546,81.6282
547,82.6282
548,81.2308
549,81.0769
550,80.1538
551,78.3846
552,77.6538
553,78.6923
554,79.1923
555,78.3846
556,78.3462
557,79.2692
558,79.5256
559,80.1026
560,78.5256
561,76.7179
562,77.1282
563,77.7564
564,78.8333
565,81.1154
566,77.5769
567,74.7308
568,73.5513
569,75.2949
570,76.5897
571,76.0256
572,75.2692
573,75.2436
574,77.2436
575,76.7949
576,76.3846
577,75.6923
578,74.1923
579,72.7436
580,70.9872
581,69.0000
582,68.9487
583,67.2564
584,66.7436
585,68.8590
586,71.3205
587,71.2051
588,69.3077
589,67.7692
590,65.9103
591,65.7949
592,66.9359
593,68.0128
594,69.1282
595,71.2821
596,70.6667
597,67.4231
598,69.2308
599,67.6282
600,67.0769
601,68.0000
602,68.1923
603,66.7051
604,65.9231
605,66.1026
606,67.0769
607,66.0769
608,68.1538
609,69.1923
610,66.4615
611,65.6154
612,66.0000
613,64.6923
614,65.0641
615,62.9487
616,60.1026
617,58.1026
618,57.5000
619,56.2308
620,54.9744
621,53.3590
622,54.5000
623,53.5769
624,53.1026
625,52.2179
626,52.1538
627,51.0769
628,50.5385
629,50.3846
630,49.6282
631,48.2051
632,47.2051
633,47.1282
634,47.2949
635,46.4487
636,44.9231
637,44.0385
638,45.0128
639,43.9359
640,43.3718
641,43.4872
642,43.2179
643,42.7564
644,42.6923
645,43.0769
646,42.4615
647,44.5385
648,45.4231
649,44.0000
650,43.1923
651,43.7692
652,43.7692
653,42.7308
654,44.5000
655,43.7308
656,43.1538
657,43.5769
658,43.4231
659,43.1154
660,42.8077
661,42.9231
662,41.0769
663,42.3077
664,42.2308
665,40.4615
666,40.3462
667,41.6154
668,42.0769
669,40.8077
670,40.3590
671,39.3974
672,38.3718
673,38.2179
674,38.2564
675,37.8333
676,37.3718
677,37.4103
678,36.8590
679,36.2436
680,36.3718
681,36.7821
682,37.4744
683,36.8974
684,34.9103
685,0.0000
686,0.0769
687,0.0385
688,0.0000
689,0.0385
690,31.7821
691,32.1282
692,32.2821
693,31.9744
694,32.6795
695,33.6410
696,33.7949
697,32.9103
698,32.0641
699,31.6410
700,31.0256
701,0.1154
702,0.0385
703,0.0000
704,0.0000
705,0.0000
706,23.6410
707,33.9872
708,35.1026
709,36.4103
710,36.0769
711,35.4615
712,36.0769
713,36.3077
714,35.5385
715,36.7308
716,37.2692
717,35.4615
718,35.0000
719,34.7308
720,34.5769
721,34.6923
722,34.9615
723,34.6795
724,34.3077
725,33.9744
726,35.1923
727,34.8205
728,34.7436
729,34.9744
730,35.9744
731,36.3205
732,36.7436
733,36.7436
734,35.7436
735,35.7051
736,35.8974
737,36.2436
738,36.3974
739,35.8974
740,35.0513
741,34.3590
742,36.7821
743,35.9744
744,35.1667
745,34.9359
746,36.4744
747,37.1282
748,36.0128
749,34.3974
750,36.3974
751,36.5897
752,36.6282
753,36.3205
754,35.8205
755,35.5897
756,35.5128
757,35.4744
758,34.4487
759,34.2564
760,34.5641
761,35.1795
762,35.8718
763,35.9872
764,35.4872
765,35.0641
766,35.2179
767,34.2949
768,34.3333
769,35.8333
770,36.3333
771,35.3718
772,34.7179
773,34.9872
774,34.7308
775,35.1154
776,35.5385
777,35.8462
778,35.5385
779,34.8846
780,34.6154
781,34.5769
782,33.4231
783,34.3077
784,34.3846
785,33.1923
786,33.1538
787,34.5000
788,35.0769
789,34.6923
790,33.5385
791,34.1154
792,34.3846
793,34.6538
794,35.3846
795,36.2692
796,36.0385
797,35.3077
798,33.9231
799,34.5769
800,35.1154
801,35.1154
802,35.0000
803,35.1923
804,35.3462
805,35.5385
806,35.0769
807,34.1154
808,34.0769
809,33.0000
810,31.5385
811,32.4231
812,33.3462
813,31.8462
814,33.5000
815,32.8077
816,34.1923
817,34.8077
818,32.8846
819,32.3846
820,33.6154
821,33.8846
822,32.8462
823,33.2692
824,33.4231
825,33.0000
826,32.0769
827,31.5769
828,31.8077
829,32.5385
830,32.9615
831,33.5000
832,34.3462
833,34.6923
834,34.3462
835,33.4615
836,33.0385
837,32.9615
838,32.5000
839,32.3462
840,31.9231
841,31.5000
842,31.0385
843,30.9615
844,31.4615
845,31.7308
846,31.4615
847,31.4231
848,31.9231
849,32.5385
850,32.7692
851,32.0385
852,31.0769
853,30.4615
854,29.8846
855,29.6538
856,27.5000
857,25.6154
858,25.3077
859,24.2308
860,23.5513
861,23.9359
862,23.5897
863,22.2821
864,21.8974
865,22.1282
866,21.5128
867,20.2821
868,19.5385
869,19.5385
870,19.3205
871,19.7821
872,19.9872
873,20.9872
874,22.5256
875,24.6795
876,27.0641
877,28.6410
878,28.4872
879,29.5256
880,29.6410
881,30.0641
882,31.2949
883,32.4103
884,31.9872
885,30.7179
886,29.6154
887,29.5000
888,29.5385
889,29.5000
890,29.6923
891,30.1154
892,30.4231
893,30.6538
894,30.6538
895,30.0385
896,29.7308
897,30.3462
898,30.7308
899,30.5769
900,30.6538
901,30.8846
902,31.6410
903,30.9103
904,30.4487
905,30.4487
906,30.6410
907,30.6795
908,31.2564
909,31.9487
910,32.0641
911,32.1795
912,32.6410
913,33.4103
914,33.3333
915,33.1795
916,33.4872
917,33.8333
918,33.0385
919,32.8462
920,32.9615
921,33.3462
922,33.1538
923,32.6923
924,33.0385
925,33.9615
926,34.1154
927,33.7308
928,33.5385
929,33.6154
930,33.0385
931,32.2308
932,32.1154
933,32.5769
934,32.6923
935,32.3846
936,32.2308
937,32.0385
938,31.7308
939,31.6538
940,32.2692
941,33.0385
942,32.1923
943,32.5769
944,33.1538
945,33.8077
946,33.9231
947,33.5769
948,33.4615
949,33.6923
950,33.9615
951,33.9231
952,33.1154
953,33.3846
954,35.0000
955,34.2308
956,33.5000
957,34.6923
958,34.9615
959,35.0769
960,34.8077
961,34.8077
962,35.1538
963,35.9231
964,35.5000
965,34.4615
966,36.1923
967,36.3077
968,35.9231
969,35.1154
970,34.3077
971,33.9615
972,34.3077
973,34.8462
974,35.2308
975,34.2692
976,33.2692
977,33.1154
978,33.6154
979,34.0000
980,34.0769
981,33.6923
982,33.6923
983,34.2308
984,34.3077
985,33.5385
986,33.3462
987,34.1923
988,34.8846
989,35.0385
990,35.9231
991,34.2692
992,33.1538
993,33.8462
994,34.5769
995,34.5000
996,34.0769
997,34.0769
998,32.5769
999,32.3462
1000,32.1154
1001,31.9615
1002,32.1154
1003,32.7308
1004,33.1154
1005,33.3077
1006,32.8846
1007,32.6538
1008,32.8077
1009,33.1154
1010,33.4231
1011,32.9615
1012,32.1923
1013,31.5769
1014,32.0769
1015,32.9615
1016,33.0769
1017,31.7308
1018,30.8077
1019,30.9231
1020,31.4615
1021,31.5000
1022,32.2308
1023,32.6154
1024,33.0385
1025,33.2692
1026,33.2308
1027,33.1154
1028,33.0769
1029,33.2692
1030,32.4615
1031,32.5385
1032,33.1923
1033,34.1538
1034,34.2308
1035,33.9615
1036,34.7308
1037,35.5769
1038,36.3846
1039,36.9231
1040,37.1154
1041,36.6154
1042,36.5769
1043,36.2308
1044,34.6538
1045,33.1538
1046,32.4231
1047,32.8846
1048,33.3077
1049,33.6154
1050,34.4231
1051,35.2692
1052,34.8846
1053,33.3077
1054,33.7308
1055,33.4231
1056,33.1923
1057,32.6923
1058,32.2692
1059,31.9615
1060,32.1538
1061,32.2308
1062,31.9615
1063,31.2692
1064,31.3077
1065,32.2308
1066,31.7308
1067,30.5385
1068,30.7692
1069,32.2692
1070,32.4231
1071,32.7692
1072,33.0000
1073,33.1923
1074,33.0769
1075,32.6923
1076,32.0000
1077,31.5385
1078,33.6923
1079,33.4231
1080,34.2692
1081,35.1154
1082,35.3077
1083,35.1923
1084,35.8462
1085,37.1154
1086,37.5000
1087,37.0000
1088,36.0385
1089,35.1923
1090,34.6154
1091,34.6538
1092,34.9231
1093,35.2692
1094,35.0256
1095,34.8718
1096,34.0256
1097,32.5897
1098,31.8077
1099,31.5769
1100,31.4231
1101,31.1923
1102,33.2308
1103,31.6923
1104,30.6410
1105,29.8333
1106,27.9872
1107,25.6026
1108,24.8333
1109,25.4872
1110,26.4615
1111,26.5000
1112,26.3333
1113,27.0256
1114,28.2564
1115,30.0641
1116,31.2179
1117,31.8333
1118,33.8333
1119,33.9103
1120,33.9615
1121,34.1538
1122,34.8846
1123,35.6154
1124,35.6923
1125,35.3077
1126,34.7436
1127,35.3974
1128,35.6667
1129,35.4744
1130,34.8590
1131,34.5513
1132,34.7436
1133,35.2436
1134,35.3205
1135,35.7051
1136,35.2821
1137,35.3974
1138,35.7821
1139,34.6282
1140,34.9359
1141,37.7821
1142,37.3974
1143,36.6282
1144,37.6667
1145,38.8974
1146,38.0897
1147,38.0128
1148,38.9359
1149,38.8974
1150,38.3590
1151,39.0897
1152,39.0513
1153,38.8974
1154,38.8974
1155,38.5513
1156,37.8974
1157,36.7051
1158,38.1282
1159,37.3590
1160,36.0128
1161,34.8974
1162,35.5513
1163,37.3205
1164,38.0128
1165,37.7821
1166,37.9359
1167,39.1282
1168,39.6667
1169,39.0513
1170,37.7051
1171,37.2436
1172,37.8974
1173,39.1667
1174,38.9744
1175,39.1667
1176,39.8590
1177,40.5897
1178,40.5128
1179,39.6667
1180,38.9744
1181,38.7051
1182,37.7436
1183,37.4744
1184,38.2051
1185,39.0897
1186,39.1282
1187,38.0513
1188,37.3974
1189,37.4359
1190,37.5128
1191,38.9359
1192,40.3205
1193,40.3205
1194,40.7821
1195,41.3205
1196,40.7051
1197,39.3974
1198,38.9359
1199,38.3205
1200,38.0128
1201,37.6667
1202,37.9359
1203,37.9744
1204,37.8590
1205,37.6282
1206,38.9359
1207,39.8205
1208,40.1282
1209,39.5897
1210,39.3974
1211,39.6667
1212,39.5897
1213,39.0128
1214,41.0128
1215,39.8590
1216,41.1667
1217,42.4359
1218,41.0128
1219,39.8205
1220,39.3974
1221,37.9744
1222,38.7821
1223,36.9359
1224,36.7436
1225,38.2821
1226,38.4744
1227,37.0128
1228,36.5897
1229,37.6282
1230,35.8205
1231,36.6282
1232,36.0513
1233,34.2436
1234,33.3590
1235,33.7436
1236,33.3974
1237,32.3590
1238,31.4359
1239,30.9744
1240,30.2436
1241,29.5897
1242,30.0128
1243,30.8590
1244,31.3974
1245,31.2821
1246,31.0513
1247,32.2821
1248,34.2436
1249,36.2436
1250,37.6282
1251,37.7436
1252,37.0897
1253,36.3590
1254,38.2051
1255,38.0897
1256,38.0513
1257,38.0897
1258,37.8974
1259,37.4744
1260,36.6795
1261,36.1026
1262,35.9487
1263,36.1026
1264,36.7949
1265,36.7564
1266,36.9103
1267,37.1026
1268,37.2949
1269,37.5641
1270,38.1026
1271,37.1026
1272,36.1026
1273,35.2564
1274,35.3333
1275,36.1410
1276,36.9872
1277,37.5256
1278,39.0256
1279,38.7564
1280,38.9103
1281,38.8333
1282,38.5256
1283,37.5641
1284,37.4487
1285,37.6795
1286,38.8333
1287,38.9487
1288,39.0641
1289,39.0641
1290,38.9103
1291,39.1410
1292,39.2179
1293,39.4872
1294,39.2564
1295,38.8718
1296,38.4487
1297,38.0256
1298,38.1410
1299,38.7564
1300,39.3333
1301,40.0256
1302,39.8333
1303,40.0641
1304,40.2179
1305,40.4103
1306,41.2949
1307,41.6795
1308,41.0641
1309,39.9103
1310,38.8333
1311,39.9872
1312,41.2179
1313,41.2564
1314,41.6026
1315,42.6026
1316,43.4487
1317,43.4103
1318,45.3077
1319,46.2308
1320,42.2692
1321,39.3077
1322,40.7692
1323,40.5000
1324,39.2308
1325,41.6154
1326,42.6923
1327,43.9615
1328,44.3077
1329,43.8077
1330,43.7692
1331,44.4231
1332,44.5000
1333,43.9615
1334,42.8077
1335,42.7308
1336,42.6154
1337,42.4231
1338,42.4231
1339,42.6923
1340,43.3077
1341,43.4231
1342,42.5385
1343,42.6538
1344,42.0385
1345,41.3846
1346,41.5385
1347,42.1154
1348,42.3077
1349,41.6923
1350,43.1538
1351,42.5000
1352,43.0385
1353,43.8462
1354,43.3462
1355,41.4615
1356,40.8846
1357,41.6154
1358,42.0000
1359,43.5000
1360,44.8077
1361,44.5769
1362,43.5769
1363,43.1923
1364,43.5385
1365,43.8077
1366,43.9615
1367,45.2308
1368,45.6154
1369,44.6154
1370,44.9231
1371,45.8846
1372,44.8462
1373,42.6538
1374,44.2692
1375,44.4231
1376,42.3846
1377,41.3846
1378,42.7308
1379,42.8077
1380,41.8462
1381,42.9615
1382,43.1154
1383,43.3077
1384,43.1538
1385,42.6154
1386,41.7692
1387,41.6154
1388,42.0385
1389,42.8077
1390,42.7308
1391,42.6154
1392,42.6538
1393,43.0769
1394,43.3077
1395,42.8462
1396,42.0385
1397,41.3077
1398,41.9103
1399,41.4103
1400,42.6026
1401,43.5641
1402,42.7179
1403,42.7949
1404,43.5256
1405,43.0256
1406,43.4103
1407,42.8718
1408,43.9872
1409,43.0641
1410,42.9872
1411,43.8718
1412,42.6795
1413,43.2564
1414,43.6795
1415,43.1410
1416,43.5256
1417,44.1795
1418,44.3333
1419,43.7949
1420,43.7179
1421,44.4487
1422,44.7179
1423,45.1410
1424,45.0641
1425,44.8718
1426,44.3718
1427,44.5256
1428,45.2179
1429,45.7949
1430,44.7564
1431,45.5641
1432,45.0641
1433,42.9872
1434,42.2564
1435,43.4103
1436,44.2564
1437,43.8718
1438,45.9487
1439,46.0641
1440,45.6538
1441,45.3846
1442,45.3077
1443,45.3846
1444,44.4231
1445,42.9615
1446,39.1795
1447,37.7179
1448,36.6410
1449,37.2821
1450,38.3077
1451,38.6923
1452,39.7692
1453,40.7692
1454,40.6154
1455,41.2692
1456,41.6026
1457,41.6410
1458,42.8718
1459,44.6026
1460,45.9487
1461,45.7949
1462,45.8718
1463,44.9487
1464,46.4487
1465,47.2179
1466,45.2179
1467,44.5641
1468,45.7949
1469,46.1795
1470,46.2179
1471,47.1410
1472,46.9872
1473,45.9103
1474,45.5256
1475,44.9487
1476,44.7179
1477,45.9103
1478,44.8333
1479,44.9103
1480,44.8333
1481,44.6410
1482,44.6410
1483,44.9103
1484,44.9487
1485,44.7564
1486,45.2564
1487,45.3333
1488,46.2179
1489,45.9872
1490,45.2564
1491,45.9487
1492,46.6410
1493,45.4487
1494,46.7179
1495,45.9872
1496,46.7179
1497,47.8718
1498,48.5256
1499,48.2949
1500,48.4487
1501,49.5641
1502,48.2949
1503,48.8718
1504,49.2949
1505,49.0256
1506,48.2179
1507,47.5256
1508,47.6410
1509,48.0256
1510,48.4103
1511,49.2949
1512,49.4487
1513,49.2564
1514,48.6410
1515,47.6026
1516,47.9103
1517,50.0641
1518,49.0641
1519,49.7564
1520,50.4872
1521,50.7949
1522,50.3333
1523,49.9487
1524,49.6410
1525,49.4872
1526,49.9872
1527,51.0641
1528,51.5641
1529,50.9103
1530,50.0641
1531,49.6795
1532,49.9487
1533,50.1795
1534,51.4872
1535,50.3333
1536,49.5256
1537,49.6026
1538,49.5256
1539,49.3718
1540,49.6026
1541,50.1410
1542,49.1795
1543,50.0256
1544,50.1410
1545,49.3333
1546,49.2949
1547,50.1026
1548,50.4872
1549,50.1410
1550,50.6026
1551,49.6410
1552,48.7564
1553,48.4103
1554,49.0256
1555,49.8718
1556,49.6795
1557,48.9103
1558,50.1795
1559,50.2949
1560,50.2564
1561,50.1026
1562,50.3718
1563,50.6795
1564,50.0641
1565,49.0641
1566,46.7179
1567,44.9872
1568,44.1795
1569,41.6795
1570,36.9103
1571,33.4487
1572,31.1795
1573,28.4487
1574,29.8077
1575,29.7308
1576,31.9231
1577,34.0769
1578,35.3077
1579,38.2692
1580,42.1795
1581,43.8333
1582,47.4103
1583,48.6795
1584,48.7949
1585,52.3333
1586,52.6410
1587,50.2949
1588,51.3718
1589,51.3333
1590,53.1795
1591,52.2179
1592,51.3333
1593,51.3333
1594,50.9487
1595,50.4872
1596,50.5256
1597,51.2564
1598,51.9103
1599,51.1026
1600,52.4872
1601,51.1026
1602,51.6795
1603,53.5256
1604,52.1026
1605,52.5641
1606,55.6282
1607,56.7436
1608,57.3974
1609,57.8590
1610,55.8590
1611,54.7051
1612,53.5513
1613,54.1667
1614,55.8974
1615,54.7821
1616,56.8205
1617,55.8590
1618,55.4744
1619,55.1667
1620,52.3205
1621,52.6667
1622,51.9744
1623,51.3590
1624,52.3205
1625,50.8205
1626,51.2051
1627,53.6282
1628,53.7436
1629,54.8590
1630,54.1282
1631,53.5128
1632,52.9744
1633,52.9359
1634,53.2436
1635,52.8974
1636,52.4744
1637,52.2051
1638,52.9744
1639,52.0897
1640,51.4359
1641,51.0128
1642,51.7821
1643,52.7821
1644,53.5128
1645,54.0128
1646,52.6282
1647,52.1667
1648,52.2436
1649,52.5513
1650,53.1282
1651,53.5513
1652,53.4359
1653,53.1667
1654,51.4359
1655,51.6667
1656,51.8974
1657,52.3590
1658,52.6667
1659,51.8590
1660,52.1282
1661,53.9359
1662,54.2821
1663,54.5897
1664,54.2436
1665,53.3974
1666,52.9744
1667,53.2821
1668,53.5897
1669,53.3205
1670,53.7821
1671,54.6667
1672,55.0513
1673,54.2821
1674,53.9744
1675,54.9744
1676,56.0897
1677,56.6667
1678,54.3590
1679,54.5897
1680,53.8205
1681,52.7051
1682,52.3205
1683,52.3590
1684,51.7821
1685,51.0128
1686,51.1282
1687,52.1667
1688,53.2821
1689,53.2821
1690,52.7436
1691,52.5128
1692,53.5513
1693,54.7051
1694,54.3590
1695,54.3590
1696,54.2436
1697,53.5513
1698,52.3590
1699,52.3205
1700,54.1282
1701,56.0128
1702,56.1667
1703,55.7436
1704,55.1667
1705,54.8205
1706,55.3974
1707,56.0513
1708,55.8590
1709,55.2821
1710,54.7051
1711,54.3590
1712,54.2051
1713,54.5897
1714,54.9359
1715,54.9359
1716,54.1667
1717,53.7051
1718,55.5897
1719,55.6667
1720,55.2436
1721,54.7051
1722,53.8974
1723,53.6282
1724,53.4359
1725,53.5897
1726,54.4744
1727,54.6282
1728,54.8974
1729,54.6667
1730,53.9744
1731,53.6667
1732,54.1667
1733,54.9359
1734,55.1282
1735,55.0128
1736,55.6282
1737,56.3205
1738,56.3205
1739,56.3974
1740,57.2436
1741,58.5897
1742,58.0897
1743,58.5513
1744,58.7821
1745,58.5513
1746,58.5513
1747,58.7051
1748,58.7821
1749,58.8205
1750,59.7821
1751,59.2821
1752,58.2051
1753,57.2051
1754,57.0128
1755,57.0513
1756,56.1282
1757,55.6667
1758,54.8974
1759,54.5128
1760,53.6282
1761,53.6282
1762,55.5128
1763,58.3974
1764,59.7821
1765,60.0128
1766,61.1667
1767,59.8205
1768,58.7821
1769,58.7821
1770,59.1667
1771,58.3590
1772,56.0128
1773,54.0513
1774,52.7821
1775,51.0128
1776,48.2821
1777,45.9359
1778,45.0128
1779,45.2436
1780,45.7436
1781,46.3205
1782,44.8205
1783,45.7436
1784,47.7051
1785,50.9744
1786,54.1667
1787,56.4359
1788,57.5513
1789,58.2051
1790,57.3974
1791,58.4744
1792,59.0513
1793,58.6667
1794,58.9359
1795,59.5128
1796,59.2436
1797,57.9359
1798,57.2821
1799,57.1282
1800,57.2051
1801,58.1282
1802,59.2821
1803,60.3590
1804,60.6282
1805,60.5128
1806,60.9359
1807,61.2821
1808,61.7436
1809,61.7051
1810,61.6282
1811,61.5897
1812,61.9359
1813,62.4744
1814,61.0897
1815,61.7051
1816,62.1667
1817,61.7051
1818,60.4744
1819,59.5128
1820,58.8590
1821,58.5128
1822,59.6667
1823,59.3205
1824,58.8590
1825,59.0513
1826,59.0897
1827,58.8974
1828,58.3205
1829,57.4744
1830,57.6282
1831,56.7051
1832,55.7821
1833,55.7051
1834,56.9744
1835,57.9744
1836,58.1282
1837,57.0897
1838,56.0513
1839,56.7436
1840,58.1282
1841,59.3590
1842,59.2436
1843,58.9359
1844,59.5513
1845,60.7051
1846,59.4744
1847,60.7436
1848,61.6282
1849,61.4744
1850,61.5513
1851,62.3205
1852,63.2051
1853,63.5128
1854,62.8590
1855,61.9359
1856,62.1282
1857,63.3205
1858,63.8974
1859,63.5128
1860,63.8590
1861,65.0128
1862,64.0513
1863,64.3974
1864,65.0128
1865,65.2821
1866,65.2051
1867,65.2436
1868,65.4359
1869,65.7436
1870,64.7821
1871,65.0128
1872,64.8205
1873,63.7436
1874,61.5513
1875,60.5128
1876,61.5513
1877,63.0897
1878,61.6282
1879,61.3974
1880,61.5128
1881,62.0128
1882,61.6667
1883,60.7436
1884,59.8205
1885,59.1667
1886,59.9744
1887,59.7436
1888,60.2821
1889,60.7436
1890,60.2051
1891,58.8974
1892,58.0513
1893,58.0128
1894,59.2821
1895,59.4744
1896,59.2051
1897,58.9359
1898,59.2436
1899,59.3590
1900,58.0128
1901,56.4744
1902,55.0385
1903,51.3846
1904,50.3077
1905,49.5385
1906,47.4231
1907,49.3846
1908,51.1923
1909,48.4231
1910,49.8077
1911,52.5000
1912,54.4231
1913,55.5385
1914,57.8077
1915,60.2692
1916,60.3846
1917,58.8077
1918,58.9231
1919,61.2692
1920,62.0769
1921,61.5769
1922,62.3846
1923,63.4615
1924,63.8077
1925,64.0000
1926,61.9359
1927,63.1667
1928,63.9359
1929,63.1282
1930,62.3974
1931,62.8590
1932,63.3974
1933,63.6282
1934,62.4744
1935,61.2821
1936,60.6667
1937,61.5128
1938,63.1282
1939,63.6667
1940,63.6667
1941,63.3590
1942,63.7436
1943,63.8974
1944,63.4744
1945,62.8590
1946,62.7051
1947,63.7051
1948,64.3974
1949,64.3590
1950,65.3974
1951,64.6282
1952,64.3974
1953,65.5513
1954,66.7821
1955,67.0128
1956,66.8974
1957,66.5897
1958,66.2308
1959,65.9615
1960,65.1538
1961,64.8462
1962,65.9231
1963,66.0385
1964,65.6154
1965,65.6538
1966,63.9231
1967,63.4615
1968,63.3077
1969,63.3462
1970,63.8462
1971,64.4231
1972,64.6154
1973,64.7308
1974,64.4615
1975,65.0385
1976,65.8077
1977,65.6538
1978,64.5769
1979,63.0385
1980,62.6154
1981,62.6154
1982,62.6538
1983,61.9231
1984,62.2692
1985,63.8462
1986,64.4231
1987,64.2308
1988,64.6923
1989,65.8846
1990,64.3462
1991,65.1154
1992,65.5769
1993,65.5385
1994,65.0769
1995,65.1154
1996,65.6154
1997,66.1923
1998,64.3846
1999,63.1538
2000,62.5385
2001,63.6154
2002,64.1923
2003,63.5385
2004,62.7692
2005,62.9231
2006,63.5769
2007,64.0769
2008,64.7692
2009,65.9231
2010,67.0000
2011,67.3462
2012,66.7692
2013,65.7692
2014,65.8846
2015,64.1538
2016,64.1923
2017,64.3077
2018,63.3846
2019,64.3846
2020,66.2308
2021,66.3077
2022,65.3333
2023,64.9487
2024,64.2564
2025,64.1410
2026,64.5641
2027,65.1795
2028,65.2949
2029,64.7949
2030,65.7564
2031,65.3718
2032,65.4487
2033,66.0641
2034,66.3333
2035,65.9487
2036,65.2179
2037,64.5641
2038,64.1410
2039,63.5641
2040,64.3718
2041,65.2564
2042,64.9487
2043,64.7949
2044,65.2179
2045,65.1795
2046,64.0256
2047,65.8718
2048,67.2564
2049,67.6795
2050,67.6410
2051,67.6410
2052,66.2949
2053,64.6026
2054,66.3077
2055,63.8077
2056,64.0769
2057,65.7308
2058,65.5769
2059,65.1923
2060,65.6538
2061,65.7692
2062,67.1923
2063,65.5385
2064,65.1154
2065,66.2692
2066,66.0769
2067,64.1923
2068,63.8846
2069,65.1923
2070,64.6154
2071,63.9231
2072,64.1923
2073,64.3846
2074,64.9231
2075,64.8846
2076,65.0385
2077,65.0000
2078,63.8077
2079,62.6923
2080,64.2692
2081,64.0000
2082,63.8462
2083,65.9231
2084,65.3846
2085,63.6923
2086,65.1923
2087,65.6923
2088,65.2692
2089,64.1923
2090,64.1538
2091,64.9615
2092,64.5769
2093,63.4231
2094,64.4615
2095,64.4231
2096,64.3077
2097,63.8462
2098,64.1538
2099,64.6923
2100,65.1923
2101,65.1538
2102,66.8205
2103,66.8590
2104,67.2051
2105,68.1282
2106,68.4744
2107,68.6282
2108,68.9744
2109,69.4744
2110,69.5128
2111,70.3205
2112,71.3205
2113,71.5897
2114,70.8590
2115,69.9359
2116,69.4359
2117,69.7436
2118,68.5385
2119,66.9231
2120,67.6923
2121,68.5385
2122,68.1154
2123,68.9231
2124,69.7692
2125,68.5000
2126,67.1538
2127,63.5769
2128,58.3846
2129,54.1538
2130,50.0000
2131,46.6538
2132,45.5769
2133,46.2692
2134,46.5769
2135,49.2692
2136,52.1538
2137,54.3077
2138,57.6538
2139,61.3846
2140,63.8846
2141,64.3846
2142,66.5000
2143,68.6154
2144,69.3846
2145,68.5769
2146,68.5385
2147,67.2308
2148,66.0769
2149,66.8846
2150,68.9872
2151,68.0256
2152,67.7949
2153,68.6026
2154,69.1795
2155,68.7564
2156,67.8718
2157,67.3333
2158,66.2179
2159,66.9103
2160,67.4103
2161,66.8718
2162,66.3333
2163,66.2179
2164,66.6026
2165,67.3333
2166,67.6410
2167,66.8718
2168,66.9487
2169,68.3718
2170,69.2949
2171,69.2179
2172,68.1410
2173,67.7949
2174,67.5256
2175,68.1795
2176,68.2179
2177,67.9103
2178,67.6410
2179,68.3718
2180,69.3333
2181,69.8718
2182,69.0256
2183,69.1026
2184,69.3718
2185,69.3718
2186,69.6795
2187,70.1026
2188,70.3718
2189,70.4872
2190,71.2179
2191,70.3718
2192,71.2179
2193,71.6410
2194,69.9103
2195,69.3333
2196,69.7564
2197,68.5256
2198,69.4487
2199,69.9103
2200,68.7179
2201,68.9487
2202,70.7949
2203,70.3718
2204,68.6026
2205,68.3718
2206,69.0641
2207,69.7179
2208,70.8333
2209,71.8333
2210,72.2949
2211,72.0256
2212,71.6410
2213,71.3333
2214,70.6026
2215,71.0641
2216,71.8333
2217,70.7564
2218,68.6410
2219,68.5256
2220,69.5641
2221,69.8718
2222,70.1410
2223,70.0256
2224,68.9487
2225,67.0641
2226,65.9872
2227,66.0256
2228,66.1795
2229,66.2949
2230,67.8333
2231,66.2179
2232,64.6795
2233,64.3718
2234,64.7564
2235,65.1410
2236,65.5256
2237,65.7949
2238,65.4103
2239,66.4872
2240,67.2179
2241,66.6795
2242,65.8718
2243,66.1026
2244,66.7949
2245,67.3333
2246,66.9872
2247,68.3333
2248,67.5641
2249,67.1026
2250,68.6410
2251,68.7949
2252,67.7179
2253,67.9872
2254,67.5256
2255,68.1410
2256,68.7564
2257,68.7949
2258,68.4872
2259,67.7949
2260,67.7949
2261,67.8718
2262,67.4103
2263,66.7179
2264,66.6410
2265,67.5256
2266,67.9487
2267,67.8333
2268,67.3333
2269,67.2564
2270,67.1410
2271,66.4872
2272,66.1410
2273,66.2564
2274,66.8333
2275,68.4487
2276,68.6410
2277,66.6538
2278,62.2436
2279,60.1282
2280,57.3205
2281,47.4359
2282,37.8974
2283,32.6667
2284,27.4744
2285,25.2821
2286,25.1667
2287,30.3205
2288,31.0513
2289,33.1667
2290,40.0513
2291,44.5513
2292,48.8590
2293,55.7436
2294,60.5256
2295,61.4872
2296,64.6026
2297,66.2949
2298,66.4487
2299,67.4103
2300,67.2949
2301,64.3333
2302,63.6795
2303,63.7949
2304,63.8333
2305,63.4487
2306,62.1795
2307,61.4872
2308,62.4872
2309,64.2179
2310,63.3718
2311,63.9487
2312,64.8718
2313,66.0256
2314,67.4103
2315,68.6795
2316,69.0641
2317,68.7564
2318,66.3718
2319,66.2179
2320,66.5641
2321,66.9103
2322,65.9872
2323,65.2564
2324,66.0641
2325,68.0256
2326,69.6410
2327,69.4103
2328,69.7949
2329,70.7179
2330,71.2179
2331,70.9103
2332,70.0641
2333,69.3333
2334,68.6795
2335,68.9487
2336,69.1795
2337,68.6026
2338,68.1410
2339,68.4487
2340,69.1410
2341,69.6410
2342,69.9487
2343,69.9103
2344,69.4487
2345,68.2179
2346,67.0256
2347,66.4872
2348,66.8718
2349,67.3718
2350,68.4103
2351,69.2949
2352,69.3718
2353,69.1026
2354,69.4103
2355,70.6026
2356,69.9103
2357,67.9103
2358,67.0641
2359,66.9487
2360,67.2179
2361,67.6026
2362,68.4872
2363,68.7949
2364,68.4103
2365,67.3718
2366,65.6795
2367,65.6795
2368,65.2179
2369,63.9103
2370,62.2949
2371,62.0641
2372,62.9487
2373,64.1795
2374,63.7179
2375,64.3333
2376,65.2949
2377,65.9487
2378,65.9103
2379,65.6410
2380,66.2564
2381,66.7179
2382,66.6410
2383,66.9872
2384,66.9487
2385,66.5641
2386,66.0256
2387,65.7179
2388,66.1026
2389,66.6026
2390,67.1795
2391,66.7949
2392,66.7564
2393,67.2179
2394,67.4103
2395,66.7564
2396,65.7564
2397,65.5256
2398,65.9487
2399,64.9103
2400,64.5641
2401,64.4103
2402,63.8718
2403,64.4487
2404,65.5256
2405,65.6026
2406,64.9872
2407,63.9103
2408,65.0256
2409,65.3718
2410,63.4487
2411,63.2564
2412,64.8333
2413,64.7564
2414,65.9103
2415,65.6795
2416,65.4103
2417,64.6410
2418,63.5641
2419,63.5641
2420,64.0641
2421,64.8718
2422,64.6795
2423,63.4487
2424,62.6795
2425,63.3718
2426,63.6410
2427,63.3333
2428,63.6410
2429,64.6410
2430,64.6795
2431,65.6026
2432,65.4872
2433,64.1410
2434,63.3333
2435,63.8333
2436,65.0256
2437,65.6410
2438,64.5641
2439,65.3718
2440,65.1410
2441,64.4487
2442,65.2179
2443,65.4872
2444,64.9872
2445,64.9487
2446,65.4872
2447,64.8333
2448,64.4103
2449,64.5256
2450,64.4103
2451,64.3333
2452,64.4487
2453,64.7179
2454,65.7179
2455,65.5641
2456,65.2179
2457,64.7179
2458,64.1026
2459,64.0641
2460,65.2564
2461,66.5256
2462,64.5641
2463,64.9103
2464,64.7564
2465,64.0641
2466,63.5641
2467,63.5641
2468,63.7179
2469,63.8718
2470,64.2949
2471,64.6410
2472,64.3718
2473,63.2179
2474,62.6410
2475,63.0641
2476,63.1026
2477,62.7949
2478,62.6410
2479,63.1795
2480,63.2179
2481,62.8718
2482,62.6795
2483,62.7179
2484,62.8333
2485,62.6410
2486,63.3333
2487,63.3333
2488,63.4103
2489,62.6410
2490,61.5256
2491,60.6026
2492,60.6795
2493,61.4103
2494,60.8718
2495,62.0256
2496,63.7564
2497,63.7949
2498,63.6026
2499,65.1026
2500,65.6026
2501,64.0256
2502,64.6026
2503,63.7949
2504,63.0256
2505,63.0641
2506,63.5641
2507,64.1410
2508,64.1410
2509,64.1026
2510,63.9872
2511,64.0641
2512,64.6026
2513,65.3718
2514,65.1795
2515,63.8333
2516,63.4487
2517,63.6026
2518,62.9487
2519,62.4103
2520,61.9487
2521,62.2179
2522,62.4872
2523,62.4103
2524,62.1026
2525,61.7564
2526,61.2308
2527,61.9615
2528,62.3462
2529,62.0769
2530,62.1923
2531,62.8077
2532,63.0385
2533,62.8077
2534,62.6026
2535,62.4487
2536,61.9487
2537,61.7949
2538,62.6410
2539,63.4487
2540,63.3718
2541,62.7179
2542,63.1026
2543,64.4487
2544,65.5256
2545,65.7179
2546,66.0641
2547,66.2949
2548,65.8718
2549,64.7179
2550,65.6538
2551,65.3846
2552,65.0385
2553,65.0000
2554,65.0769
2555,64.6154
2556,63.5769
2557,62.9231
2558,61.8077
2559,61.0000
2560,60.6923
2561,61.5769
2562,61.5385
2563,60.2692
2564,59.8462
2565,60.0769
2566,60.2308
2567,60.1923
2568,59.8462
2569,59.3077
2570,58.6154
2571,58.6154
2572,58.6923
2573,58.8462
2574,58.1538
2575,59.0385
2576,60.2692
2577,60.5769
2578,59.5769
2579,58.6538
2580,58.8077
2581,59.6538
2582,57.9231
2583,57.8846
2584,57.9615
2585,58.3462
2586,58.8846
2587,59.5385
2588,59.6154
2589,59.4615
2590,60.5385
2591,59.4615
2592,59.0385
2593,60.1538
2594,60.8846
2595,60.3846
2596,60.1538
2597,60.6923
2598,62.9103
2599,60.3718
2600,57.8718
2601,56.7949
2602,54.7692
2603,50.9231
2604,47.7308
2605,46.1538
2606,42.1538
2607,39.3462
2608,37.5769
2609,39.4231
2610,42.0385
2611,44.0769
2612,45.5000
2613,46.8077
2614,48.5000
2615,50.0769
2616,52.5385
2617,53.6538
2618,52.8846
2619,51.5000
2620,51.9231
2621,53.0000
2622,52.2308
2623,51.1538
2624,49.9615
2625,49.2308
2626,49.0769
2627,48.8077
2628,48.4231
2629,47.8846
2630,49.3077
2631,49.5000
2632,49.8846
2633,50.4615
2634,51.3462
2635,52.1154
2636,52.6538
2637,52.8462
2638,51.3846
2639,52.2308
2640,52.8846
2641,52.2692
2642,51.0000
2643,50.1538
2644,50.4615
2645,51.0769
2646,52.2308
2647,51.8077
2648,50.6923
2649,49.8462
2650,50.1923
2651,50.9231
2652,51.0769
2653,50.2692
2654,49.3462
2655,49.7308
2656,49.9231
2657,49.8077
2658,50.1923
2659,50.6923
2660,50.4615
2661,49.4231
2662,51.4487
2663,51.8333
2664,51.8333
2665,50.8333
2666,49.8718
2667,48.9487
2668,47.8718
2669,46.9487
2670,46.1795
2671,47.3333
2672,47.9487
2673,47.3718
2674,47.1410
2675,47.8718
2676,48.4103
2677,48.2949
2678,46.6538
2679,47.3462
2680,48.1154
2681,48.0769
2682,47.0769
2683,45.7692
2684,44.7692
2685,44.1154
2686,44.5385
2687,44.0769
2688,43.7308
2689,43.8077
2690,43.6538
2691,43.2692
2692,43.2692
2693,43.4615
2694,42.2308
2695,43.6538
2696,44.0769
2697,43.5000
2698,43.6923
2699,44.4231
2700,43.3462
2701,41.2308
2702,41.9231
2703,43.3846
2704,43.5000
2705,43.0769
2706,43.6538
2707,43.5000
2708,42.8462
2709,43.3077
2710,44.0385
2711,42.2308
2712,41.0000
2713,41.3462
2714,42.0769
2715,41.8077
2716,41.4231
2717,41.2692
2718,40.5385
2719,40.5769
2720,40.3462
2721,39.5385
2722,39.0769
2723,39.1538
2724,39.6538
2725,39.9231
2726,40.3846
2727,41.0769
2728,41.0769
2729,40.3846
2730,41.0000
2731,42.3846
2732,41.6923
2733,39.9231
2734,39.9615
2735,40.8077
2736,40.9615
2737,40.8077
2738,41.5000
2739,41.9615
2740,40.7692
2741,38.6923
2742,39.7308
2743,40.4231
2744,41.2308
2745,41.2308
2746,40.0769
2747,38.8462
2748,38.8077
2749,39.3846
2750,38.7308
2751,38.6923
2752,38.1923
2753,38.3846
2754,38.8462
2755,39.3077
2756,39.2308
2757,38.9615
2758,38.5769
2759,38.6538
2760,37.6923
2761,36.4615
2762,36.3462
2763,37.3846
2764,37.5000
2765,37.2308
2766,37.5385
2767,37.6923
2768,37.9231
2769,38.1538
2770,37.3462
2771,36.5000
2772,36.8077
2773,37.7692
2774,37.6154
2775,38.0769
2776,37.8846
2777,37.5000
2778,37.3846
2779,37.5385
2780,37.0385
2781,36.1923
2782,37.0385
2783,35.7308
2784,34.2692
2785,34.4231
2786,34.9615
2787,35.0769
2788,34.9615
2789,34.8077
2790,35.5385
2791,37.0769
2792,37.7692
2793,37.1923
2794,36.9615
2795,37.1923
2796,36.7308
2797,35.4231
2798,34.4615
2799,34.7692
2800,35.2308
2801,35.5769
2802,34.7692
2803,33.5385
2804,33.1538
2805,33.5385
2806,33.7051
2807,33.5128
2808,33.1282
2809,32.7436
2810,32.0897
2811,32.0897
2812,32.1282
2813,32.0513
2814,31.4359
2815,30.9359
2816,31.2821
2817,32.5513
2818,33.2436
2819,32.8205
2820,32.1667
2821,32.0513
2822,32.7051
2823,33.3974
2824,33.1282
2825,31.7051
2826,30.8590
2827,31.2436
2828,31.6282
2829,31.5897
2830,31.2436
2831,30.0128
2832,29.8590
2833,30.5897
2834,30.1282
2835,28.6667
2836,29.3205
2837,31.4744
2838,31.7436
2839,31.8590
2840,32.5897
2841,33.5513
2842,33.3205
2843,31.9744
2844,31.0128
2845,31.0513
2846,30.7051
2847,30.4744
2848,30.0128
2849,29.1282
2850,28.2821
2851,28.1282
2852,28.7051
2853,29.3974
2854,28.0128
2855,27.2821
2856,26.5513
2857,26.4359
2858,26.8974
2859,27.3205
2860,26.8590
2861,26.6282
2862,24.0769
2863,25.1923
2864,23.5769
2865,22.0385
2866,22.4231
2867,21.7692
2868,20.6154
2869,21.0000
2870,20.5000
2871,21.3077
2872,22.3077
2873,23.0385
2874,23.0000
2875,22.8846
2876,22.4231
2877,22.2308
2878,21.1923
2879,22.1538
2880,22.5385
2881,21.7692
2882,21.0769
2883,21.0000
2884,20.9231
2885,20.5385
2886,20.1923
2887,20.6538
2888,20.5000
2889,19.9231
2890,20.1154
2891,20.6923
2892,21.0769
2893,20.6923
2894,20.7308
2895,21.1538
2896,21.2308
2897,20.7692
2898,20.2692
2899,19.9231
2900,19.5769
2901,19.1154
2902,19.2308
2903,18.7692
2904,18.1154
2905,18.0000
2906,18.0000
2907,17.9231
2908,18.0000
2909,18.4615
2910,18.0769
2911,19.0385
2912,19.0385
2913,17.5769
2914,16.6154
2915,16.5000
2916,16.6923
2917,16.5385
2918,17.4231
2919,17.9615
2920,18.3846
2921,17.7692
2922,16.9615
2923,16.5769
2924,17.3077
2925,18.2308
2926,18.3846
2927,18.2308
2928,18.5000
2929,18.5385
2930,18.4231
2931,18.0000
2932,18.1154
2933,18.5000
2934,18.0385
2935,18.7308
2936,18.9231
2937,18.4231
2938,16.7308
2939,15.8077
2940,16.0385
2941,16.8077
2942,16.7308
2943,16.4615
2944,16.0000
2945,15.6538
2946,15.3846
2947,15.2308
2948,15.1154
2949,15.1154
2950,15.8077
2951,15.8846
2952,15.6923
2953,15.4231
2954,15.3077
2955,15.4231
2956,15.0769
2957,14.3846
2958,14.1538
2959,14.5385
2960,15.0769
2961,15.1923
2962,15.3077
2963,15.4231
2964,15.8846
2965,16.2692
2966,14.9231
2967,14.7692
2968,14.5385
2969,14.6923
2970,14.9615
2971,15.0385
2972,15.1923
2973,15.0769
2974,14.5000
2975,14.8077
2976,14.8077
2977,14.7308
2978,15.6538
2979,16.8846
2980,17.6154
2981,17.6923
2982,18.3077
2983,18.3846
2984,19.3846
2985,21.5385
2986,22.5513
2987,23.2436
2988,25.2436
2989,27.2436
2990,27.1667
2991,29.0513
2992,30.3462
2993,31.7692
